id;mainLocale;categoryName;classifications;name-it;name-de;name-en;address;urlPage;email;phone;status;pictureUrl;shortDescription-it;shortDescription-de;shortDescription-en;lastModificationDate;htmlDescription-it;htmlDescription-de;htmlDescription-en;Info-it;Info-de;Info-en
text.3001;it;text;città;Introduzione;Einführung;Introduction;;;;;;introduzione3.jpg;;;;28/05/2014 12:00 AM +0200;<p>Trento è il capoluogo dell'omonima provincia e della regione Trentino-Alto Adige. Fondata lungo un'ansa del fiume Adige, la città si trova in un punto di convergenza tra le vie di comunicazione che conducono dal Brennero alle Dolomiti, dal Lago di Garda a Venezia. La sua centralità geografica ha fatto sì che diventasse il centro politico, economico e culturale della provincia. Destinata ad essere cerniera tra il mondo germanico e mondo latino, conserva nei monumenti e nelle sue antiche tradizioni la sua storia, in una cornice naturale di incomparabile bellezza che la rende la città con uno dei più alti livelli di qualità della vita d'Italia. </p>;<p>Trient ist die Hauptstadt der gleichnamigen Provinz und der Region Trentino-Südtirol. Die an einer Schleife der Etsch gegründete Stadt liegt an einem Knotenpunkt der Verkehrswege, die vom Brenner zu den Dolomiten und vom Gardasee nach Venedig führen. Dank ihrer geografisch strategischen Lage hat sie sich im Laufe der Zeit zum politischen, wirtschaftlichen und kulturellen Zentrum der Provinz entwickelt. Trient war Bindeglied zwischen der germanischen und der römischen Welt und bewahrt in den Monumenten und den antiken Traditionen auch heute noch ihre Geschichte – inmitten eines unvergleichlich schönen Panorama, dank dem die Stadt einen der ersten Plätze in Bezug auf die Lebensqualität in Italien einnimmt.</p>;<p>Trento is the main city of the homonymous province ad of the Trentino-South Tyrol region. Founded along a bend of the river Adige, the city lies at the convergence point of comunication routes going from Brenner to the Dolomites and from Lake Garda to Venice. It's central geographical position has made it the political, economic and cultural centre of the province. Destined to be a bridge between the German and the Latin world, its history is enshirined in monuments and old traditions and a natural setting of unique beauty helps it to have one of the highest level of quality of life in Italy.;;;
text.3002;it;text;città;La storia;Geschichte;The history;;;;;;storia.jpg;;;;22/11/2013 12:00 AM +0200;<p>Le origini del capoluogo risalgono all'epoca romana (I secolo A.C.) di cui la città custodisce bellissime testimonianze nel proprio sottosuolo. Il nome di Trento, dal latino Tridentum, si fa risalire ai tre monti (Bondone, Calisio, Marzola) o ai tre colli (Sant'Agata, San Rocco, Verruca) che circondano la città, la cui disposizione suggerisce la forma di un tridente: ma si tratta di una leggenda. Trento era un importante snodo viario per la presenza nel suo territorio della Via Claudia Augusta, principale via militare verso nord. Invasa dai barbari, dopo il dominio longobardo entrò nella sfera di influenza germanica. Nel 1027 venne istituito il Principato vescovile di Trento, che durò fino al 1803. La città conobbe il suo periodo d'oro all'inizio del XVI secolo: tra il 1514 e il 1539 il Principato fu retto da Bernardo Cles, uomo politico, cardinale, studioso e mecenate, che si impegnò in una generale ristrutturazione della città in chiave rinascimentale, che caratterizza ancora oggi le strade del centro storico. Tra il 1545 e il 1563 Trento fu sede del Concilio che avviò la Controriforma. In quegli anni la città divenne una vera e propria capitale europea con corti e delegazioni da tutta la Cristianità. Negli anni a cavallo tra Settecento e Ottocento la città passò prima ai francesi e poi agli Asburgo. A metà dell'ottocento venne costruita la nuova ferrovia del Brennero che fece deviare il fiume Adige nell'attuale corso. Trento divenne italiana solo dopo la prima guerra mondiale (1918). Nel 1947 l'Assemblea costituente istituì la Regione autonoma a statuto speciale Trentino-Alto Adige. Oggi, capoluogo amministrativo, sede di università e istituti di ricerca, ricca di iniziative culturali e spettacoli, Trento è “destinazione turistica culturale di frontiera”, ponte tra l'Italia e l'Europa, tra tradizione e innovazione. </p>;"<p>Die Ursprünge des heutigen Trient stammen aus der römischen Zeit (1. Jahrhundert v.Chr.), wovon einzigartige, bei Ausgrabungen im Untergrund gefundene Überreste zeugen. Der Name Trient, vom lateinischen „Tridentum“, geht auf die drei Berge (Bondone, Calisio, Marzola) oder die drei Hügel (Sant'Agata, San Rocco, Verruca) am Rande der Stadt zurück, deren Form an einen Dreizack erinnert – auch wenn es sich hierbei um eine Legende handelt. Bereits das antike Trient war ein wichtiger Verkehrsknotenpunkt, da die Stadt an der Via Claudia Augusta lag, einer der – auch militärisch – wichtigsten nach Norden führenden Römerstraßen. Infolge der Einwanderung der Barbaren geriet die Stadt, nach der Herrschaft der Langobarden, unter germanischen Einfluss. 1027 wurde das Fürstbistum Trient ins Leben gerufen, das bis 1803 dauerte. Das goldene Zeitalter der Stadt begann Anfang des XVI Jahrhunderts: Im Zeitraum 1514 bis 1539 war Bernhard von Cles Fürstbischof: Als Politiker, Kardinal, Gelehrte und Mäzen engagierte er sich für eine allgemeine Erneuerung der Stadt im Stil der Renaissance, der auch heute noch die Straßen der historischen Altstadt kennzeichnet. Von 1545 bis 1563 war Trient Sitz des Konzils, das die Gegenreform einleitete. In jenen Jahren entwickelte sich die Stadt zu einer wahrhaften europäischen Hauptstadt mit Hofstaaten und Delegationen des gesamten Christentums. Um die Wende zwischen dem achtzehnten und neunzehnten Jahrhundert ging Trient erst an die Franzosen und dann auf die Habsburger über. Mitte des neunzehnten Jahrhunderts wurde die neue Brennerbahn gebaut und zu diesem Zweck wurde die Etsch in ihr aktuelles Flussbett umgeleitet. Trient wurde erst nach dem ersten Weltkrieg (1918) zu einer italienischen Stadt. 1947 rief die Verfassungsgebende Versammlung die Autonome Region und das Sonderstatut für Trentino-Südtirol ins Leben. Heute ist Trient Hauptstadt der gleichnamigen Provinz und der Region Trentino-Südtirol sowie Sitz von Universitäten und Forschungsinstituten und bietet eine reiche Auswahl an kulturellen Initiativen und Veranstaltungen, die die Stadt zu einem „grenzüberschreitenden kulturellen Reiseziel“ und einer „Brücke“ zwischen Italien und Europa, zwischen Tradition und Innovation machen.
 </p>";"<p>The origins of the town go back to Roman times (1st century B.C.), with some beautiful testimonies being  preserved below ground. The name Trento, from Latin Tridentum, is believed to refer to the three mountains (Bondone, Calisio, Marzola) or the three hills (Sant'Agata, San Rocco, Verruca) surrounding the city and arranged in the form of a trident: but that is only a legend. Trento was an important crossroads thanks to the presence in its territory of the Via Claudia Augusta, the main military road to the north. Invaded by the barbarians, after the Longobard rule the city entered the German sphere of influence. In 1027 the Episcopal Principality of Trento was established, which lasted until 1803. The city had its golden period at the start of the 16th century: between 1514 and 1539 the Principality was ruled by Bernardo Cles, politician, cardinal, scholar and patron of the arts who engaged in a general renovation of the city according to Renaissance canons, up to this day still characterising the streets of the historical centre.  From 1545 to 1563 Trento hosted the Council that was to start the Counter-Reformation. In those years it became a true European capital, with courts and delegations from the whole Christianity. Between the 18th and the 19th century the city passed first to the French and then to the Habsburgs. In the mid 19th century the new Brenner railway was built which had the river Adige diverted to its current course. Trento became Italian only after World War I (1918). In 1947 the Constituent Assembly proclaimed the autonomous Region Trentino-South Tyrol, with its special charter. Today Trento, administrative centre of the province, seat of universities and research institutes and offering a wealth of cultural and entertainment initiatives, is ""a cross-border destination for  cultural tourism"", a bridge between Italy and Europe, between tradition and innovation. </p>";;;
text.3003;it;text;città;Il concilio;Das Konzil;"
The Council";;;;;;concilio.jpg;;;;22/11/2013 12:00 AM +0200;<p> Nessun avvenimento storico ha segnato tanto profondamente l'identità civica di Trento quanto il XIX Concilio Ecumenico, indetto dalla Chiesa di Roma il 13 dicembre 1545 e conclusosi solennemente, dopo due interruzioni e alterne vicende, il 4 dicembre 1563. Trento era stata scelta come sede conciliare già nella bolla di indizione del 1542, quando papa Paolo III la definì <i>“sito comodo, libero e a tutte le Nazioni opportuno”</i>. La sua posizione geografica la rendeva infatti un ideale ponte tra l'Italia e il mondo tedesco, mentre il suo peculiare statuto politico – una città governata da un vescovo vassallo dell'imperatore – offriva garanzie sia al Papato sia all'Impero. La straordinaria assise, che negli auspici doveva tentare di riconciliare le Chiese riformate di Germania con la Santa Sede, si concluse, in questo senso, con un nulla di fatto, ma condusse a una profonda riforma interna della Chiesa cattolica. Per almeno due secoli i decreti tridentini esercitarono un'influenza decisiva non solo sulla vita religiosa, ma anche sulla cultura e su molti aspetti del vivere civile dell'Europa cattolica.<br />Durante i lavori conciliari, diluiti nell'arco di diciotto anni, Trento ospitò 284 prelati e numerosi altri delegati provenienti da diverse nazioni, assumendo di fatto il ruolo di capitale del cattolicesimo e di crocevia della politica europea. Nel terzo periodo del Concilio, quello conclusivo, a Trento erano presenti ambasciatori di dodici Stati. Per far fronte a questo compito la città, che all'epoca contava meno di diecimila abitanti, fu mobilitata a tutti i livelli, sotto l'abile guida del principe vescovo Cristoforo Madruzzo. Cardinali, vescovi, generali di ordini, teologi e ambasciatori, spesso accompagnati da folto seguito, furono ospitati nei principali palazzi, nei conventi e nelle locande, mentre le sessioni conciliari si tennero nella Chiesa di Santa Maria Maggiore e nella Cattedrale di San Vigilio. </p>;<p> Kein historisches Ereignis hat die bürgerliche Identität der Stadt Trient wie das XIX Ökumenische Konzil beeinflusst, dass am 13. Dezember 1545 von der Römischen Kirche einberufen und nach zwei Unterbrechungen und verschiedenen Ereignissen am 4. Dezember 1563 feierlich abgeschlossen wurde. Trient war bereits in der Berufungsbulle des Jahres 1542 als Konzilssitz gewählt wurden, als Papst Paul III die Stadt als „bequemen, freien und für alle Nationen günstigen“ Sitz bezeichnete. Die geografische Lage der Stadt machte sie zu einem idealen Bindeglied zwischen Italien und der deutschen Welt, während ihr besonderes politisches Statut als „Stadt unter Führung eines Bischofs, Vasall des Kaisers“ eine Garantie sowohl für das Papsttum als auch für das Reich war. Die außerordentliche Versammlung, die versuchen sollte, die reformierten Kirchen Deutschlands mit der Heiligen Kirche zu vereinen, wurde diesbezüglich ergebnislos abgeschlossen, führte jedoch zu einer tiefgreifenden internen Reform der katholischen Kirche. Mindestens zwei Jahrhunderte lang übten die tridentinischen Dekrete nicht nur auf das religiöse Leben, sondern auch auf die Kultur und viele Aspekte des bürgerlichen Lebens des katholischen Europas einen entscheidenden Einfluss aus. Während des Konzils, das achtzehn Jahre lang dauerte, weilten 284 Prälaten und zahlreiche weitere Delegierte aus verschiedenen Nationen in Trient, was die Stadt zur Hauptstadt des Katholizismus und einem Kreuzweg der europäischen Politik machte. In der dritten und abschließenden Phase des Konzils waren Botschafter aus zwölf Staaten in Trient zu Gast. Um ihrer Aufgabe als Gastgeber gerecht zu werden, wurde die gesamte Stadt – die seinerzeit weniger als zehntausend Einwohner hatte – unter der fähigen Führung des Fürstbischofs Cristoforo Madruzzo mobilisiert. Kardinäle, Bischöfe, Ordensgeneräle, Theologen und Botschafter, nicht selten mit zahlreichem Gefolge, wurden in den wichtigsten Palästen, in Klöstern und in Herbergen untergebracht, während die Konzilssitzungen in der Kirche Santa Maria Maggiore und in der Kathedrale San Vigilio abgehalten wurden. </p>;"<p> No historical event has left a greater mark on the civic identity of Trento than the 19th Ecumenical Council called by the Church of Rome on 13 December 1545 and solemnly ended, after two interruptions and some vicissitudes, on 4 December 1563. Trento had been chosen as the Council venue already in the 1542 Bull of Indiction, when Pope Paul III called it ""an easy location, free and convenient for all Nations"". Its geographical position made it an ideal bridge between Italy and the German world, and its peculiar political status -“a city governed by a bishop vassal of the Emperor“ - offered guarantees to both the Papacy and the Empire. The extraordinary assembly, which was meant to reconcile the reformed German churches with the Holy See, ended with no success in this sense, but led to a deep internal reform of the Catholic Church. For at least two centuries the Trento decrees exercised a decisive influence not only on religious life, but also on culture and many aspects of civil life in Catholic Europe. During the Council works, which lasted for eighteen years, Trento was home to 284 prelates and numerous other delegates from different nations, taking up the actual role of capital of Catholicism and crossroads of European politics.  In the third Council period, the conclusive one, in Trento were present ambassadors from twelve different countries.  In order to accommodate them all, the city, which at the time numbered less than ten thousand inhabitants, was engaged at all levels under the capable leadership of Prince-Bishop Cristoforo Madruzzo. Cardinals, bishops, generals of various orders, theologians and ambassadors, often accompanied by a large entourage, were given hospitality in the main palaces, in monasteries and inns, and the council sessions were held in Santa Maria Maggiore and in San Vigilio’s Cathedral.</p>";;;
text.3004;it;text;città;Dati;Angaben;"
Geographical information";;;;;;dati1.jpg;;;;28/05/2014 12:00 AM +0200;"<p><b>Stato:</b> Italia</p><p><b>Regione:</b> Trentino-Alto Adige</p><p><b>Provincia:</b> Trento</p><p><b>Popolazione residente:</b> 116.298 </p><p><b>Altezza sul livello del mare:</b> Da un minimo di 194 metri di Piazza Duomo a un massimo di 2.180 metri del Monte Cornetto </p><p><b>Superficie territoriale:</b> 15.794 ettari, di cui il 78,3% è superficie agroforestale (più della metà boschi)</p><p><b>Clima:</b> prealpino</p><p><b>Temperature:</b> media di gennaio (mese più freddo) fra 0° e 2 ° C; media di luglio (mese più caldo) fra 22° e 23°C </p><p><b>Corsi d'acqua:</b> Adige, Fersina</p><p><b>Abitanti:</b> trentini</p><p><b>Lingua:</b> italiana</p>";"<p><b>Staat:</b> Italien</p><p><b>Region:</b> Trentino-Südtirol</p><p><b>Provinz:</b> Trient</p><p><b>Ansässige Bevölkerung:</b> 116.298 </p><p><b>Höhe über dem Meeresspiegel:</b> 194 Meter in der Piazza Duomo bis 2.180 Meter auf dem Monte Cornetto </p><p><b>Fläche:</b> 15.794Hektar, davon 78,3%  forstwirtschaftliche Fläche (um mehr als die  Hälfte Wälder)</p><p><b>Klima:</b> Voralpenklima</p><p><b>Temperaturen:</b> im Januar (der kälteste Monat) durchschnittlich zwischen 0Â° und 2 Â° C; im Juli (der heißeste Monat) zwischen 22Â° und 23Â°C </p><p><b>Wasserläufe:</b> Etsch, Fersen</p><p><b>Einwohner:</b> Trentiner</p><p><b>Sprache:</b> italienich</p>";"<p><b>State:</b> Italy</p><p><b>Region:</b> Trentino-South Tyrol</p><p><b>Provincie:</b> Trento</p><p><b>Resident population:</b> 116.298 </p><p><b>Height above sea level:</b> From a minimum of 194 metres in Piazza Duomo to a maximum of 2,180 metres on Conte Cornetto</p><p><b>Territory surface area:</b> 15.794 hectares (39,027 acres), of which 78.3% woods and arable land (more than half woods)</p><p><b>Climate:</b> sub-alpine</p><p><b>Temperature:</b>average temperature in January (the coldest month) between 0°C and 2°C; average temperature in July (the hottest month) between 22°C and 23°C</p><p><b>Rivers and streams:</b> Adige, Fersina</p><p><b>Population:</b> trentini</p><p><b>Language:</b> Italian</p>";;;
text.3005;it;text;Servizi;La Card “TrentoRovereto città di culture”;"Die „TrentoRovereto Città di culture“-Karte
";The 'TrentoRovereto Città di culture' card;;;;;;card.jpg;;;;22/11/2013 12:00 AM +0200;"Visitare Trento e Rovereto significa immergersi in un mondo di arte, storia e cultura. Due città che hanno  nella vivacità e nella ricchezza della loro offerta culturale il loro punto di forza turistico e che per questo hanno deciso di mettersi in rete, superando le barriere geografiche e dando vita al distretto culturale <i>TrentoRovereto Città di Culture</i>.<br />Accesso privilegiato all'offerta integrata di distretto, è una card innovativa, che permette di visitare musei, palazzi, castelli, siti archeologici delle due città e dei loro dintorni, senza doversi preoccupare di fare il biglietto.<br /><br /><br /><b>COSTO </b><br /><br />20 euro per persona. Il prezzo non cambia nel caso di ""estensione card 3 mesi"" e/o anche di abilitazione della ""card formato family"" (la card viene estesa anche ai bambini ed ai ragazzi fino a 18 anni).<br /><br /><b>COSA COMPRENDE</b><br /><br /><ul type=""disc""><li>Un ingresso in tutti i musei/castelli del distretto turistico-culturale TrentoRovereto; </li><li> L'accesso illimitato per 48 ore ai trasporti pubblici locali;</li><li> Un brindisi Trentodoc presso i wine bar aderenti; </li><li>Un aperitivo Trentodoc servito a tavola nei ristoranti convenzionati;</li><li> La visita guidata delle cantine produttrici di Trentodoc;</li><li>Una borsa shopping ""TrentoRovereto Città di Culture"" in omaggio nei negozi aderenti per acquisti superiori a 20 €;</li><li>L'ingresso ridotto a un evento di un festival e altre manifestazioni culturali.</li></ul><br /><br /><b>TIPOLOGIE</b><br /><br />La card è emessa al portatore e ha una durata minima di 48 ore dall'utilizzo del primo servizio.<br /><br />Su richiesta e senza costi aggiuntivi vi è la possibilità di:<ul type=""disc""><li> estenderla a tre mesi: compilando l'apposito modulo la card diventa nominativa e dà la possibilità di fruire nel tempo di più servizi, ad esclusione del servizio trasporti la cui validità termina 48 ore dopo la prima validazione sui mezzi pubblici. </li></ul>I moduli per l'estensione e la trasformazione della card possono essere richiesti agli sportelli di emissione della card o possono essere compilati on line sul sito: www.trentorovereto.it<br /><br /><b>DOVE SI ACQUISTA</b><br /><br />La card è disponibile presso le Aziende per il turismo di Trento e Rovereto e le biglietterie dei musei e dei castelli.<br /><br /><b>COME SI UTILIZZA</b><br /><br />Musei e castelli: è necessario esibirla presso le biglietterie per la validazione.<br />Trasporti pubblici locali: è necessario vidimarla avvicinandola all'apposito lettore sui mezzi pubblici, per i treni  la vidimazione va eseguita in stazione.<br />Wine bar: è necessario presentarla per ricevere la degustazione di Trentodoc.<br />Ristoranti e negozi: è necessario esibirla in anticipo per poter usufruire dei vantaggi connessi.<br /><br /><b>CONSERVA LA CARD</b><br /><br />Anche dopo la scadenza “TrentoRovereto Città di Culture” potrà offrirti nuovi vantaggi e promozioni.<br />Infatti, grazie alla sua tecnologia, potrà essere ricaricata per l'utilizzo dei trasporti pubblici in Trentino. Recandosi presso una biglietteria di Trentino Trasporti e caricando l'importo che si desidera, la card si trasformerà in una prepagata a scalare, da utilizzare sul trasporto urbano.<br /><br /><b><i>Info</i></b><br /><a href=""http://www.trentorovereto.it"" target=""_blank"">www.trentorovereto.it</a><br/><br /><b>Azienda per il turismo Trento, Monte Bondone e Valle dei Laghi</b><br />Via Manci 2, 38122 Trento<br />Apertura e orari: tutti i giorni 9.00 - 19.00<br />Tel <a href=""tel:0461216000"">0461 216000</a> <br />Fax 0461 216060<br /><a href=""mailto:informazioni@apt.trento.it"">informazioni@apt.trento.it</a><br /><br /><a href=""http://www.discovertrento.it"" target=""_blank"">www.discovertrento.it</a>";"Wer Trient und Rovereto besucht, taucht in eine Welt der Kunst, der Geschichte und der Kultur ein. Die touristische Stärke beider Städte liegt nämlich in der Vitalität und in dem Reichtum ihrer kulturellen Angebote. Aus diesem Grunde haben sie beschlossen, geographische Barrieren durch eine gegenseitige Vernetzung und die Schaffung des Kulturclusters „TrentoRovereto. Città di Culture“ (TrientRovereto. Städte der Kulturen) zu überwinden. Einen privilegierten Zugang zum vernetzten Angebot dieses Kulturclusters erhalten die Inhaber einer innovativen Karte, die sie dazu berechtigt, in jeder der beiden Städte und ihrer Umgebung Museen, Anwesen, Schlösser und archäologische Fundstätten zu besichtigen, ohne sich um Eintrittskarten kümmern zu müssen.

PREIS
20 Euro pro Person. Der Preis bleibt unverändert, falls Sie sich für eine 3-monatige Verlängerung und/oder eine Familienkarte entscheiden.

DIE VORTEILE AUF EINEN BLICK
-freier Eintritt in alle Museen und Schlösser des touristisch-kulturellen TrentoRovereto-Clusters;
-freie, unbegrenzte Benutzung des öffentlichen Personennahverkehrs während 48 Stunden;
-(in teilnehmenden Weinlokalen) ein kostenloses Glas Trentodoc zum Anstoßen;
-(in teilnehmenden Restaurants) einen kostenlosen Aperitif Trentodoc an Ihren Tisch serviert;
-eine Führung durch die Weinkellereien, in denen Trentodoc produziert wird;
-(bei einem Einkauf von über 20 € in teilnehmenden Geschäften) eine kostenlose Einkaufstasche mit der Aufschrift „TrentoRovereto Città di Culture“;
-ermäßigter Eintritt zu einer Festivalveranstaltung und zu anderen kulturellen Veranstaltungen.

KATEGORIEN VON KARTEN

Die Karte ist nicht namentlich und hat eine Mindestgültigkeit von 48 Stunden ab deren ersten Verwendung.

Auf Wunsch können Sie ohne Zusatzkosten ... 
-ihre Gültigkeit auf drei Monate verlängern, indem man das entsprechende Formular ausfüllt. In diesem Fall wird die Karte namentlich und ermöglicht es, mehr Dienstleistungen über einen längeren Zeitraum in Anspruch zu nehmen, mit Ausnahme allerdings der Dienstleistungen des öffentlichen Personennahverkehrs, die 48 Stunden nach der ersten Verwendung der Karte in einem öffentlichen Verkehrsmittel wieder gebührenpflichtig werden.
-die Karte in eine Familienkarte umwandeln, indem man das entsprechende Formular ausfüllt. Dadurch werden die Vorteile der Karte in Bezug auf Zugang zu allen kulturellen Dienstleistungen auf alle unter 18-jährigen Kinder Ihrer Familie erweitert.

Die Formulare zur Erweiterung der Gültigkeitsdauer und zur Umwandlung der Karte in eine Familienkarte sind an allen Schaltern erhältlich, an denen sie ausgestellt wird, oder können auch online, d. h. auf dem folgenden Website, ausgefüllt werden: www.trentorovereto.de
VERKAUFSSTELLEN
Die Karte ist in den Touristeninformationsbüros („Azienda per il turismo“) der Städte Trient und Rovereto sowie an den Kassen der teilnehmenden Museen und Schlösser erhältlich.

WIE SIE DIE KARTE VERWENDEN
Museen und Schlösser: Sie müssen die Karte am Ticketschalter zur Bestätigung vorzeigen.
Öffentlicher Personennahverkehr: Sie müssen die Karte vor das Prüfgerät halten. Wenn Sie mit dem Zug reisen wollen, müssen Sie vor dem Einsteigen eines der sich am Bahnhof befindlichen Prüfgeräte verwenden.
Weinlokale: Sie müssen Ihre Karte vorzeigen, um Trentodoc kostenlos verkosten zu dürfen.
Restaurants und Geschäfte: Sie müssen Ihre Karte im Voraus vorzeigen, um die damit verbundenen Vorteile zu genießen.

BEHALTEN SIE DIE KARTE
Auch nach Ablauf ihrer Gültigkeit kann die „TrentoRovereto. Città di Culture“-Karte Sie zu Vorteilen und Rabatten berechtigen.
Außerdem ist sie dank der verwendeten Technologie für die Benutzung der öffentlichen Verkehrsmittel im Trentino wiederaufladbar. Wenn Sie die Karte an einem „Trentino Trasporti“-Schalter mit einem Betrag Ihrer Wahl aufladen, verwandelt sie sich in eine Guthabenkarte für die Benutzung der öffentlichen Stadtverkehrsmittel.

Info
www.trentorovereto.de

Azienda per il turismo Trento, Monte Bondone e Valle dei Laghi
Via Manci 2, 38122 Trento
Öffnungszeiten: jeden Tag von 9 bis 19 Uhr
Tel.: (+39) 0461 216000
Fax: (+39) 0461 216060

www.apt.trento.it/de/";"The 'TrentoRovereto Città di culture' card

Visitors to Trento and Rovereto can't help immersing themselves in a world of art, history, and culture. No wonder since, touristically speaking, the forte of these two towns has always lain in the vivacity and richness of their cultural offers. That's why, after having come to the conclusion that it was time they became part of a dual network that overcomes geographical barriers, they have now created a cultural cluster named 'TrentoRovereto. Città di Culture' (TrentoRovereto. Towns of Cultures). An innovative card entitles its holder to privileged access to the cluster's integrated offer: it allows him or her to visit museums, stately homes, castles, and archaeological sites located in either of the two towns or in their surroundings without having to bother about buying tickets.

PRICE
20 euros per person. The price remains unchanged in case you opt for a 3-month extension and/or for a family card.

BENEFITS INCLUDE:
-free entrance to all the museums and castles included in the touristic-cultural cluster TrentoRovereto; 
-unlimited 48-hour access to local public transport;
-(in participating wine bars) a free toast with Trentodoc sparkling wine; 
-(in participating restaurants) one free glass of Trentodoc aperitif served at your table;
-a guided tour of the wineries where Trentodoc is made;
-(in participating shops if you spend over 20 €) one free shopping bag with the wording 'TrentoRovereto Città di Culture';
-discounted admission to a festival event and to other cultural events.

TYPES OF CARDS

The card released to the purchaser is not personal (i.e. it can be used by whoever has possession of it). It has a minimum validity of 48 hours from its first use.

Upon request and at no extra charge, ...:
-the validity of the card can be extended to three months by filling in a form. Doing so means that the card becomes personal (i.e. non-transferable) and that you can spread your use of the services over a longer period of time. However, the extended validity does not apply to your use of the local public transport services, for which you have to pay once 48 hours have passed since the first validation of the card on a means of public transport.
-the card can be turned into a family card by filling in a form. As a result, its benefits in terms of access to all cultural services are extended to all the cardholder's children who are under 18 years of age. 

The forms for the extension of the card's validity period and for its transformation from individual to family card are available at any desk where such card are issued or can be filled in online at the following website:

WHERE TO PURCHASE THE CARD
The card is available at the Trento and Rovereto tourist board offices ('Azienda per il turismo') as well as at the ticket offices of the participating museums and castles.

HOW TO USE THE CARD
Museums and castles: you must present the card for validation at the ticket office.
Local public transport: once on board, you must hold your card in front of the card reader; if you want to travel by train, you must hold your card in front of one of the card readers of the railway station before you board the train.
Wine bars: you must show your card to the staff in order to be entitled to a free toast with Trentodoc.
Restaurants and shops: you must show your card beforehand in order to be able to enjoy the advantages connected with it.

KEEP THE CARD
Your 'TrentoRovereto. Città di Culture' card may entitle you to new benefits and discounts even after its expiry date has passed.
Moreover, thanks to its technology, the card is rechargeable and can be used again on public transport in Trentino. Just go to a 'Trentino Trasporti' ticket office and reload the card with the amount of your choice. It will turn into a prepaid card that can be used on urban public transport.

Info
www.trentorovereto.en 

Azienda per il turismo Trento, Monte Bondone e Valle dei Laghi
Via Manci 2, 38122 Trento
Opening hours: every day from 9 a.m. to 7 p.m.
Tel.: (+39) 0461 216000
Fax: (+39) 0461 216060

www.apt.trento.it/en/";;;
text.3006;it;text;Servizi;Dimmi;Dimmi;Dimmi;;;;;;;;;;22/11/2013 12:00 AM +0200;"<p>È un servizio di dialogo e informazione tramite SMS per i cittadini. Grazie ad una avanzata tecnologia linguistica su cui si basa, comprende la richiesta ed è in grado di inviare la relativa risposta in pochi secondi.<br />
Dimmi è un servizio innovativo che, grazie alla tecnologia COsmOs, permette di ricevere informazioni di diverso genere in maniera facile e veloce, inviando un semplice SMS con la richiesta al numero:</p>

<p class=""phone-button""><a href=""sms:3338888188"">333.8888188</a></p>

<p><b>Dimmi risponde a domande del tipo:</b></p>

<ul>
<li>Dove pago ICI a Trento?</li>
<li>Quale farmacia è di turno a Trento?</li>
<li>Quando parte la prossima corriera da Trento a Cavalese?</li>
<li>Dove trovo una guardia medica a Trento?</li>
<li>Quando apre la biblioteca di Trento?</li>
</ul>";"<p>„Dimmi“ (Sag mir) ist ein SMS-Dialog- und Informationsdienst für die Bürger. Dank der fortgeschrittenen Sprachtechnologie, auf der es beruht, ist das System dazu imstande, die jeweilige Frage zu verstehen und innerhalb weniger Sekunden eine relevante Antwort darauf zu senden.<br />
„Dimmi“ ist ein innovativer Service, der es dank der COsmOs-Technologie ermöglicht, verschiedene Arten von Auskünften einfach durch Absenden einer SMS-Frage an die Nummer schnell zu erhalten:</p>

<p class=""phone-button""><a href=""sms:+393338888188"">(+39) 333.8888188</a></p>

<p><b>Beispiele von Fragen, die „Dimmi“ beantworten kann:</b></p>

<ul>
<li>An welchen Orten in Trient kann ich die italienische Gemeindesteuer auf Immobilien (IMU) zahlen?</li>
<li>Wo finde ich eine Apotheke, die heute Notdienst in Trient hat?</li>
<li>Wann fährt der nächste Bus von Trient nach Cavalese ab?</li>
<li>Wie erreiche ich den ärztlichen Notdienst in Trient?</li>
<li>Was sind die Öffnungszeiten der Stadtbibliothek Trient?</li>
</ul>
";"<p>'Dimmi' (Tell me) is an SMS dialogue and information service for citizens. Thanks to the advanced language technology on which it relies, the system can understand questions and send a relevant answer in a matter of seconds.<br/>
'Dimmi' is an innovative service based on the so-called COsmOs technology which makes it possible and easy to quickly receive various types of information simply by sending one's query by SMS to the following number:</p>

<p class=""phone-button""><a href=""sms:+393338888188"">(+39) 333.8888188</a></p>

<p><b>'Dimmi' answers questions such as:</b></p>

<ul>
<li>Where can I pay the Italian property tax (IMU) in Trento?</li>
<li>Where can I find an on-duty chemist in Trento?</li>
<li>When does the next bus from Trento to Cavalese leave?</li>
<li>Where can I find an on-duty GP in Trento?</li>
<li>What are the opening hours of the Trento Town Library?</li>
</ul>
";;;
text.3007;it;text;Servizi;Trento per tutti;Trient für alle ;Trento for everyone;;;;;;;;;;22/11/2013 12:00 AM +0200;"<p>All'interno dell'applicazione sono riportate le indicazioni sull'accessibilità degli itinerari culturali della città. In questo modo ognuno potrà valutare, in base alle proprie possibilità, se è in grado di accedervi o meno. Le indicazioni sono state elaborate grazie al lavoro della Cooperativa HandiCREA.<br /><br /><b>Girare il centro in auto:<br /></b>Il centro storico di Trento è una zona a traffico limitato, ma si può percorrere anche in automobile se muniti del contrassegno invalidi. Inoltre le persone disabili possono parcheggiare gratuitamente anche nelle aree di sosta blu del Comune di Trento, esponendo l'apposito contrassegno.<br /><br /><b>Il trasporto pubblico urbano:<br /></b>L'azienda di trasporto pubblico urbano, la Trentino Trasporti Esercizio con il progetto ""Viaggia libero"", offre un servizio accessibile a tutti senza barriere. In città sono 12 le linee accessibili, e i mezzi utilizzati sono dotati di pianale superribassato, di lama estraibile per la salita/discesa delle carrozzelle e di posto riservato dotato di cintura di sicurezza. Qui si può trovare l'elenco delle linee e delle fermate abilitate per il servizio disabili:<br /><a href=""http://www.ttesercizio.it/Public/Documenti/fermate_disabili_Trento.pdf"">Fermate disabili Trento</a></p>";"<p>Trient für alle In der Anwendung sind Hinweise in Bezug auf die Zugänglichkeit der kulturellen Routen der Stadt angegeben. Jeder Besucher kann die einzelnen Routen somit entsprechend seinen individuellen Möglichkeiten wählen. Die Hinweise wurden dank der Unterstützung der Genossenschaft Cooperativa HandiCREA ausgearbeitet.<br /><br /><b>Besichtigung der Altstadt mit dem Auto:<br /></b>Die historische Altstadt von Trient ist eine verkehrsberuhigte Zone; wer in Besitz eines Behindertenkennzeichens ist, ist jedoch zur Durchfahrt berechtigt. Mobilitätsbehinderte parken außerdem auch auf den blau gekennzeichneten gebührenpflichtigen Parkplätzen der Stadt Trient kostenlos; das Behindertenkennzeichen muss sichtbar ausgestellt werden.<br /><br /><b>Öffentliche Verkehrsmittel:<br /></b>Die Gesellschaft für öffentliche Verkehrsmittel, Trentino Trasporti Esercizio, bietet allen mit dem Projekt „Viaggia libero“ einen barrierefreien Zugang zum öffentlichen Transport. In der Stadt fahren 12 Linien mit Niederflurtechnik bzw. ausziehbaren Plattformen für den Ein- und Ausstieg von Rollstühlen sowie einem reservierten Platz mit Sicherheitsgurt. Die Liste der Linien und Haltestellen, die für den Mobilitätsbehindertenservice ausgelegt sind, finden Sie unter: <a href=""http://www.ttesercizio.it/Public/Documenti/fermate_disabili_Trento.pdf"">Fermate disabili Trento</a></p>";"<p>In the application you can find information on the accessibility of the city cultural routes, so everyone will be able to see whether it is possible for him/her to access them. The information was produced thanks to the work of Cooperativa HandiCREA.Driving in the city centre Trento’s historical centre is a restricted traffic zone, but you can drive in it if your car bears the disable badge. Disabled people can also park for free in the blue parking spaces of the town, provided they display the proper badge.Urban public transport The urban public transport company, Trentino Trasporti Esercizio, offers with its ""Viaggia libero"" project a barrier-free service for everyone. The city offers 12 accessible lines and the vehicles come with a very low floor, an extendible ramp to load/unload wheelchairs and reserved seats with seat belt.  At the following address you will find the list of bus lines and stops authorized for disabled people service: <a href=""http://www.ttesercizio.it/Public/Documenti/fermate_disabili_Trento.pdf"">Fermate disabili Trento</a></p>";;;
text.3008;it;text;Contatti;Azienda per il turismo Trento, Monte Bondone e Valle dei Laghi;Azienda per il turismo Trento, Monte Bondone e Valle dei Laghi;Azienda per il turismo Trento, Monte Bondone e Valle dei Laghi;Via Manci 2, 38122 Trento;;;;;;;;;22/11/2013 12:00 AM +0200;"<p><b>Apertura e orari: tutti i giorni 9.00 - 19.00<br />Tel <a href=""tel:0461216000"">0461 216000</a> <br />Fax 0461 216060<br /><a href=""mailto:informazioni@apt.trento.it"">informazioni@apt.trento.it</a> <br /><a href=""http://www.discovertrento.it"" target=""_blank"">www.discovertrento.it</a> </p>";"<p><b>Öffnungszeiten: täglich 9.00 - 19.00<br />Tel <a href=""tel:0461216000"">0461 216000</a> <br />Fax 0461 216060<br /><a href=""mailto:informazioni@apt.trento.it"">informazioni@apt.trento.it</a> <br /><a href=""http://www.apt.trento.it"" target=""_blank"">www.apt.trento.it</a> </p>";"<p><b>Opening times: everyday 9.00 a.m. - 7.00 p.m. <br />Tel <a href=""tel:0461216000"">0461 216000</a> <br />Fax 0461 216060<br /><a href=""mailto:informazioni@apt.trento.it"">informazioni@apt.trento.it</a> <br /><a href=""http://www.apt.trento.it"" target=""_blank"">www.apt.trento.it</a> </p>";;;
text.3009;it;text;Contatti;Ufficio Turismo;Ufficio Turismo;Ufficio Turismo;Via Belenzani 19, 38122 Trento;;;;;;;;;22/11/2013 12:00 AM +0200;"<p>Tel: <a href=""tel:0461884169"">0461 884169</a> <br />Email: <a href=""mailto:cultura.comune.tn@cert.legalmail.it"">cultura.comune.tn@cert.legalmail.it</a> <br />Sito internet: <a href=""http://www.comune.trento.it/Aree-Tematiche/Turismo"" target=""_blank"">www.comune.trento.it</a> </p>";"<p>Tel <a href=""tel:0461884169"">0461 884169</a> <br /><a href=""mailto:ufficio_turismo@comune.trento.it"">ufficio_turismo@comune.trento.it</a> <br /><a href=""http://www.comune.trento.it/Aree-Tematiche/Turismo"" target=""_blank"">www.comune.trento.it/Aree-Tematiche/Turismo</a> </p>";"<p>Tel <a href=""tel:0461884169"">0461 884169</a> <br /><a href=""mailto:ufficio_turismo@comune.trento.it"">ufficio_turismo@comune.trento.it</a> <br /><a href=""http://www.comune.trento.it/Aree-Tematiche/Turismo"" target=""_blank"">www.comune.trento.it/Aree-Tematiche/Turismo</a> </p>";;;
text.3010;it;text;Contatti;URP – Ufficio Relazioni con il Pubblico;URP – Ufficio Relazioni con il Pubblico;URP – Ufficio Relazioni con il Pubblico;Via Manci 2, 38122 Trento;;;;;;;;;22/11/2013 12:00 AM +0200;"<p>Tel: <a href=""tel:0461884453"">0461 884453</a><br />nr. verde: <a href=""tel:800017615"">800 017615</a> <br />Email: <a href=""mailto:comurp@comune.trento.it"">comurp@comune.trento.it</a><br/>Orari di  dalle 9.00 alle 16.30apertura: da lunedì a venerdì</p>";"<p>Tel <a href=""tel:0461884453"">0461 884453</a><br />Gebührenfreie Telefonnummer 800017615 (aus Italien)<br /><a href=""mailto:comurp@comune.trento.it"">comurp@comune.trento.it</a></p>";"<p>Tel <a href=""tel:0461884453"">0461 884453</a><br />nr. verde <a href=""tel:800017615"">800 017615</a> <br /><a href=""mailto:comurp@comune.trento.it"">comurp@comune.trento.it</a></p>";;;
text.3011;it;text;Contatti;Cooperativa HandiCREA - Sportello Handicap ;Cooperativa HandiCREA – Schalter „Handicap“;Cooperativa HandiCREA - Disability services office;Via San Martino 46, 38122 Trento;;;;;;;;;22/11/2013 12:00 AM +0200;"<p>La cooperativa è il punto di riferimento delle persone con disabilità nella provincia ed è diventata nel tempo il soggetto mediatore tra i bisogni degli utenti disabili e i servizi distribuiti sul territorio. Fornisce informazioni su trasporti, turismo, sport, cultura e barriere architettoniche.<br /> Via San Martino 46, 38122 Trento<br />Apertura e orari: 9.00-12.30 e 13.30-17.00 (sabato e domenica chiuso)<br />Tel <a href=""tel:0461239396"">0461 239396</a> <br /><a href=""mailto:info@handicrea.it"">info@handicrea.it</a> <br /><a href=""http://www.handicrea.it"" target=""_blank"">www.handicrea.it</a>";"<p>Die Genossenschaft ist der Bezugspunkt für mobilitätsbehinderte Personen in der Provinz Trient und hat gleichzeitig auch Mittlerfunktion zwischen den Bedürfnissen der Betroffenen und den Service-Anbietern auf dem Territorium. Die Cooperativa HandiCREA liefert Informationen über Transport, Tourismus, Sport, Kultur und architektonische Barrieren.<br /> Via San Martino 46, 38122 Trient<br />Öffnungszeiten: 9.00-12.30 und 13.30-17.00 (samstags und sonntags geschlossen)<br />Tel <a href=""tel:0461239396"">0461 239396</a> <br /><a href=""mailto:handicra@trentino.net"">handicra@trentino.net</a> <br /><a href=""http://www.handicrea.it"" target=""_blank"">www.handicrea.it</a>";"<p>The cooperative is the reference point for people with disabilities in the province and has become in time the mediator between the needs of disabled users and the services deployed in the area. It offers information on transport, tourism, sport, culture and architectural barriers.<br /> Via San Martino 46, 38122 Trento<br />Opening times: 9.00 a.m. - 12.30 p.m. And 1.30 p.m. - 5.00 p.m. (closed on Saturdays and Sundays)<br />Tel <a href=""tel:0461239396"">0461 239396</a> <br /><a href=""mailto:handicra@trentino.net"">handicra@trentino.net</a> <br /><a href=""http://www.handicrea.it"" target=""_blank"">www.handicrea.it</a>";;;
text.3013;it;text;Servizi;Wilma;Wilma;Wilma;;;;;;;;;;20/12/2013 12:00 AM +0100;"<b>Wilma <br /></b> Nelle zone centrali della città è possibile connettersi gratuitamente ad Internet attraverso la rete Wilma; l'unica condizione richiesta è quella di possedere un cellulare italiano o, in alternativa, una carta di credito. Per poter accedere basta collegarsi dall'area di copertura della rete con qualunque dispositivo wi-fi (laptop, smartphone, tablet) e selezionare la rete Wilmanet. 
Seguire i semplici passi per la registrazione (inserimento dei dati anagrafici richiesti, lettura e accettazione delle condizioni di servizio e dell'informativa relativa al trattamento dei dati personali). Se l'utente possiede un cellulare italiano, in tempo reale verrà comunicata la password di accesso tramite sms; se invece si registra con la carta di credito, potrà scegliere il suo nome utente e password, che verranno abilitati dopo il pagamento di un euro sul circuito Paypal. <br/>
Per informazioni o supporto gli utenti potranno anche contattare direttamente Futur3 tramite il form on line disponibile dalla pagina di accesso alla rete Wilma, e-mail (helpdesk@futur3.it) o assistenza telefonica (a pagamento) al n. 895 895 0832.
<br/><br/><a class='attachment' href='http://www.comune.trento.it/content/download/670642/6486937/file/Planimetria%20zone%20servite%20(grande).pdf'>Mappa delle zone coperte dal segnale WiFi</a>";"<b>Wilma <br /></b>In den zentralen Stadtvierteln bietet das Netz „Wilma“ kostenlosen Zugang zum Internet. Interessierte brauchen nur die Wi-Fi Funktion ihres Geräts zu aktivieren und das Netz WilmaNet zu wählen. Nach dem Start zeigt der Browser automatisch die Zugangsseite an. Auf dieser Seite ist die kostenlose Registrierung möglich; das Passwort wird per SMS gesendet sms. <br/><br/><a class='attachment' href='http://www.comune.trento.it/content/download/670642/6486937/file/Planimetria%20zone%20servite%20(grande).pdf'>Mappa delle zone coperte dal segnale WiFi</a>";<b>Wilma <br /></b>In central city areas you can connect for free to the internet through the Wilma network. To gain access, just activate the Wi-Fi facility on your device and select the WilmaNet network.  On opening, the browser will automatically display the access page. Here you can register for free and the password will be sent to you by sms. <br/><br/><a class='attachment' href='http://www.comune.trento.it/content/download/670642/6486937/file/Planimetria%20zone%20servite%20(grande).pdf'>Mappa delle zone coperte dal segnale WiFi</a>;;;
text.3014;it;text;Servizi;Trasporti;Transportmöglichkeiten;Transport facilities;;;;;;;;;;20/12/2013 12:00 AM +0100;"<p><b>Trasporti </b><br /><br /><b><i>Come raggiungere Trento</i></b><br /><br />- <b>In auto o pullman:</b> Autostrada del Brennero A22 uscita Trento Sud o Trento Nord. Per chi proviene da Venezia, superstrada della Valsugana SS n. 47. Per chi proviene da Brescia, SS 45 bis Gardesana Occidentale. <br />Il centro è zona a traffico limitato dove la circolazione è vietata ai veicoli, sia nei giorni feriali che nei festivi. <br /><br />- <b>In treno:</b> Trento si trova lungo la linea Verona-Brennero-Monaco (linea ferroviaria del Brennero). Collegamento diretto con Venezia con la linea Valsugana.<br /><br />- <b>In aereo: </b>l'aeroporto più vicino è il Valerio Catullo di Verona (90 km).<br /><br /><b><i>Parcheggi</i></b><br />Gli spazi di sosta a pagamento sono delimitati da strisce blu. Si paga dalle 8,00 alle 19,30 nei giorni feriali (sabato compreso).<br /><a href=""http://www.comune.trento.it/Citta/Come-orientarsi/Parcheggi/Mappa-parcheggi"" target=""_blank"">Mappa parcheggi</a><br /><br /><b><i>Trasporto Pubblico</i></b><br /><br />- <i>Stazione dei treni</i><br />&nbsp &nbsp Piazza Dante 1, 38122 Trento<br />&nbsp &nbsp bagni pubblici: apertura 24 ore su 24<br />&nbsp &nbsp biglietteria: dalle 5.30 alle 20.30<br />&nbsp &nbsp ascensore: accesso esterno dalla stazione<br />- Stazione Trento-Malè<br />&nbsp &nbsp Via Dogana 2, 38122 Trento<br />&nbsp &nbsp bagni pubblici: orario d’apertura dalle ore 5,00 alle ore 22,30<br />&nbsp &nbsp biglietteria: dalle ore 6.10 alle 20.40 (domenica dalle 6.10 alle 20.10)<br />- Autobus urbani <br />&nbsp &nbsp Il servizio di trasporto pubblico è gestito dalla Trentino Spa<br />mappa linee urbane<br />&nbsp &nbsp <a href=""http://www.ttesercizio.it"" target=""_blank"">www.ttesercizio.it</a> <br />- Funivia Trento Sardagna<br />&nbsp &nbsp Lungadige Monte Grappa 1, 38121 Trento<br/>&nbsp &nbsp In funzione dalle 7.00 alle 22.30<br />&nbsp &nbsp Tel <a href=""tel:0461232154"">0461 232154</a> <br /><br /><b><i>Radio taxi</i></b><br />Tel <a href=""tel:0461930002"">0461 930002</a> <br /><br /><b><i>Noleggio bici</i></b><br />Con l'acquisto della TrentoRovereto Card si ha diritto a noleggiare una bicicletta per un giorno. Maggiori informazioni presso l'Apt. <br /><br /><b><i>Piste ciclabili</i></b><br />- Valle dell'Adige: da Borghetto, al confine con la Provincia di Verona, alla Provincia di Bolzano lungo l'Adige per 80 km. La pista ciclabile costeggia le città di Trento e Rovereto. <br /><a href=""http://www.ciclabili.provincia.tn.it/cicloguide/"" target=""_blank"">www.ciclabili.provincia.tn.it</a> <br /></p>";"Wie Sie Trient erreichen
-Mit dem Auto oder Reisebus: A 22 (Brenner-Autobahn), Ausfahrt „Trento Sud“ oder „Trento Nord“. Aus Venedig kommend: SS 47 (Valsugana-Schnellstraße). Aus Brescia kommend: SS 45 bis („Gardesana Occidentale“). Der Stadtkern ist eine sog. „Zone mit beschränktem Verkehr“ („zona a traffico limitato“), d. h. für Privatfahrzeuge sowohl an Arbeits- als auch an Feiertagen gesperrt.
-Mit dem Zug: Trient liegt an der Brennerbahnlinie (Verona–Brenner–München). Direkte Verbindung nach Venedig (Valsugana-Linie).
Mit dem Flugzeug: Der nächstgelegene Flughafen ist der Flughafen Verona (Valerio Catullo, VRN) in 90 km Entfernung.";"How to get to Trento
-By car or coach: A 22 motorway (aka Brenner/Brennero motorway), exit at 'Trento Sud' or at 'Trento Nord'. From Venice: SS 47 (aka Valsugana highway). From Brescia: SS 45 bis (aka 'Gardesana Occidentale'). The town centre is a 'Controlled Traffic Zone' ('zona a traffico limitato' ), i.e. private motor vehicles are prohibited from entering it on working days as well as on public holidays. 
-By train: Trento is on the Brenner/Brennero line (Verona–Brenner/Brennero–Munich). Direct line to Venice (Valsugana line).
By plane: the nearest airport is the Valerio Catullo Airport (VRN) outside Verona (90 km/56 miles from Trento).";;;
text.3015;it;text;Servizi;Bagni pubblici;Öffentliche Bäder;"Public toilets
";Vai Belenzani 54, 38122 Trento;;;;;;;;;20/12/2013 12:00 AM +0100;"<p>Per ulteriori informazioni rivolgersi a: <br /><b>Ufficio Relazioni con il pubblico<br /></b>Vai Manci 2, 38122 Trento <br />Tel <a href=""tel:0461884453"">0461 884453</a> <br />nr verde <a href=""tel:800017615"">800 017615</a> <br /><a href=""mailto:comurp@comune.trento.it"">comurp@comune.trento.it</a> <br /></p>";"<p>Weitere Informationen erhalten Sie bei:<br /><b>Ufficio Relazioni con il pubblico<br /></b>Vai Manci 2, 38122 Trento <br />Tel <a href=""tel:0461884453"">0461 884453</a> <br />Gebührenfreie Telefonnummer 800017615 (aus Italien)<br /><a href=""mailto:comurp@comune.trento.it"">comurp@comune.trento.it</a> <br /></p>";"<p>For more information please contact: <br /><b>Office for Relations with the Public<br /></b>Vai Manci 2, 38122 Trento <br />Tel <a href=""tel:0461884453"">0461 884453</a> <br />Freephone <a href=""tel:800017615"">800 017615</a> <br /><a href=""mailto:comurp@comune.trento.it"">comurp@comune.trento.it</a> <br /></p>";"Quattro parcheggi riservati alle persone con disabilità lungo la via a circa 40 metri. Portone d’ingresso sempre aperto (soglia alta 4 cm); cortile interno pavimentato con ciottoli e corsia in marmo larga 78 cm. Porta d’entrata automatica larga 116 cm. Servizi igienici attrezzati (porta 89 cm, dimensioni 177x177, wc alto 51 cm con maniglioni su entrambi i lati).";;
text.3016;it;text;Servizi;Farmacie;Apotheken;"Pharmacies
";;;;;;;;;;20/12/2013 12:00 AM +0100;<p>Di seguito è riportato il link per accedere alla mappa delle farmacie di Trento:<br /><a class='resource' href='http://goo.gl/maps/A409H'>Mappa delle farmacie di Trento</a></p>;<p>Nachstehend ist der Link für die Karte der Apotheken in Trient angegeben:<br /><a class='resource' href='http://goo.gl/maps/A409H'>Mappa delle farmacie di Trento</a></p>;<p>Below is the link to access to map of Trento pharmacies:<br /><a class='resource' href='http://goo.gl/maps/A409H'>Mappa delle farmacie di Trento</a></p>;;;
text.3017;it;text;Servizi;Emergenze;Notfall;"Emergencies
";;;;;;;;;;20/12/2013 12:00 AM +0100;"<p>- Pronto soccorso Tel <a href=""tel:118"">118</a> <br />
- Guardia medica <br />
&nbsp;&nbsp;Via Paolo Orsi 1 (di fronte all'Ospedale Santa Chiara)<br/>
&nbsp;&nbsp;Tel <a href=""tel:0461904298"">0461 904298</a><br/>
&nbsp;&nbsp;Orari:<br/>
&nbsp;&nbsp;da lunedì a venerdì dalle 20.00 alle  8.00 <br/>
&nbsp;&nbsp;dalle 8.00 del sabato alle 8.00 del lunedì<br/>
&nbsp;&nbsp;prefestivi: dalle 10.00 del prefestivo alle 8.00 del giorno festivo</br/>&nbsp;&nbsp;festivi: dalle 8.00 alle 8.00 del giorno feriale successivo.<br />
<br/>
- Ospedale Santa Chiara <br />
&nbsp;&nbsp;Largo Medaglie D'Oro 9, 38123 Trento <br />
&nbsp;&nbsp;Tel <a href=""tel:0461903111"">0461 903111</a> <br />
- Polizia Tel <a href=""tel:113"">113</a><br />
- Carabinieri Tel <a href=""tel:112"">112</a> <br />
- Polizia Municipale Tel <a href=""tel:0461889111"">0461 889111</a> <br />
- Vigili del fuoco Tel <a href=""tel:115"">115</a> <br />
- Corpo forestale Tel <a href=""tel:1515"">1515</a> <br />
- Corpo forestale – sede di Trento &nbsp;<a href=""0461496744"">0461 496144</a><br />
</p>
";"<p>- Erste Hilfe - Tel <a href=""tel:118"">118</a> <br />
- Ärztlicher Bereitschaftsdienst <br />
&nbsp;&nbsp;Via Paolo Orsi 1 (gegen Krankenhaus Santa Chiara)<br/>
&nbsp;&nbsp;Tel <a href=""tel:0461915809"">0461 915809</a> <br />
- Krankenhaus Santa Chiara <br />
&nbsp;&nbsp;Largo Medaglie D'Oro 9, 38123 Trient <br />
&nbsp;&nbsp;Tel <a href=""tel:0461903111"">0461 903111</a> <br />
- Polizei Tel <a href=""tel:113"">113</a><br />
- Carabinieri Tel <a href=""tel:112"">112</a> <br />
- Stadtpolizei Tel <a href=""tel:0461889111"">0461 889111</a> <br />
- Feuerwehr Tel <a href=""tel:115"">115</a> <br />
- Staatliche Forstwache  Tel <a href=""tel:1515"">1515</a> <br />
&nbsp;&nbsp;Sitz in Trient &nbsp;<a href=""0461496744"">0461 496144</a><br />
</p>
";"<p>- First aid Tel <a href=""tel:118"">118</a> <br />
- Emergency doctor service<br />
&nbsp;&nbsp;Via Paolo Orsi 1 (in front of Ospedale Santa Chiara)<br/>
&nbsp;&nbsp;Tel <a href=""tel:0461915809"">0461 915809</a> <br />
- Ospedale Santa Chiara <br />
&nbsp;&nbsp;Largo Medaglie D'Oro 9, 38123 Trento <br />
&nbsp;&nbsp;Tel <a href=""tel:0461903111"">0461 903111</a> <br />
- Police Tel <a href=""tel:113"">113</a><br />
- Carabinieri Tel <a href=""tel:112"">112</a> <br />
- Municipal Police Tel <a href=""tel:0461889111"">0461 889111</a> <br />
- Fire brigade Tel <a href=""tel:115"">115</a> <br />
- Forest rangers Tel <a href=""tel:1515"">1515</a> <br />
&nbsp;&nbsp;Sede di Trento &nbsp;<a href=""0461496744"">0461 496144</a><br />
</p>";;;
text.3018;it;text;bondone;Introduzione;Einführung;Introduction;;;;;;bondone_visintainer.jpg;;;;22/03/2013 24:00 AM +0100;Trento mantiene un legame molto stretto con la montagna, in particolare con il Monte Bondone, la montagna simbolo dei trentini, raggiungibile in poco tempo dal centro cittadino. Il Monte Bondone con i suoi 2000 metri di altezza, è una terrazza naturale dalla quale si gode un panorama che spazia dalla Dolomiti di Brenta all'Adamello. Località di villeggiatura sia estiva che invernale, nella sua area è possibile passeggiare, fare sport e godersi le sue bellezze naturali in tranquillità. <br/><br/>email: <a href=”mailto:informazioni@apt.trento.it”>informazioni@apt.trento.it</a><br/>tel: <a href=”tel:0461216000”>0461 216000</a><br/>sito: <a href=”http://www.montebondone.it”>www.montebondone.it</a><br/><br/><hr><span>Foto di: F. Visintainer</span>;"Trient unterhält eine enge Beziehung zu den Bergen im Allgemeinen und zum Monte Bondone insbesondere. Die Tatsache, dass er vom Stadtzentrum aus in wenig Zeit erreichbar ist, hat bestimmt dazu beigetragen, den Monte Bondone zum Vorzeigeberg der Stadtbewohner zu machen. Mit seinen über 2000 Metern Höhe bietet er sich als eine natürliche Terrasse mit Panoramablick auf die umliegenden Bergen von den Brenta-Dolomiten bis zum Adamello an. Monte Bondone ist sowohl ein Sommer- als auch ein Winterurlaubsgebiet, wo man wandern, Sport treiben und die Naturschönheiten in einer ruhigen Umgebung genießen kann.
E-Mail: informazioni@apt.trento.it
Tel.: (+39) 0461 216000
Website: www.apt.trento.it/de/Monte_Bondone/Sommer_Monte_Bondone/Sommer_Monte_Bondone.htm

Fotos: F. Visintainer";"Monte Bondone

Trento maintains a close relationship with mountains in general and with Monte Bondone in particular. Its being within easy reach of the town centre goes some way towards explaining why Monte Bondone has become the flagship mountain of the town's inhabitants. Thanks to its altitude of more than 2,000 m/7,000 ft above sea level, Monte Bondone is a natural terrace from where the view stretches from the Brenta Dolomites to the Adamello. It is also a summer and winter resort where people can ramble, practise sport, and enjoy the beauties of nature in tranquil surroundings. 
E-mail: informazioni@apt.trento.it
Tel.: (+39) 0461 216000
Website: www.apt.trento.it/en/Monte_Bondone/Summer_Monte_Bondone/Summer_Monte_Bondone.htm

Photos: F. Visintainer";;;
text.3019;it;text;bondone;Attività Invernali;Winteraktivitäten;Winter activities;;;;;;bondone_snowboard_menestrina.jpg;;;;20/12/2013 12:00 AM +0100;"<b>Sci discesa</b><br/>Una Ski Area con 70 ettari di superficie sciabile, 20 chilometri di piste molto ampie ed un sistema di innevamento programmato integrale sono quello che serve per regalarvi il piacere di una vacanza sulla neve: campi scuola per i principianti, tracciati tecnici per gli amanti dello stile e della serpentina, la “Gran Pista” per chi non vuol perdersi nemmeno un centimetro di montagna. il tutto godendo dell'incantevole panorama delle Dolomiti di Brenta.<br/><a href=”http://www.ski.it/monte_bondone.html”>Ski area Monte Bondone</a><br/><br/><b>Snowboard</b><br/>Lo snowpark del Monte Bondone con il suo superpipe e i suoi passaggi “attrezzati” è pronto a sfidare la fantasia, l'abilità e il coraggio degli snowboarder a pochissimi chilometri da Trento. Il parco dei divertimenti degli appassionati della tavola da neve è comodamente raggiungibile con i mezzi pubblici e lo skibus.<br/><a href=”http://www.ski.it/snowpark_monte_bondone.html”>Snowpark</a><br/><br/><b>Sci di fondo</b><br/>Non ha importanza se si corre o se ci si muove lentamente sugli sci. Il fondo è un piacere unico. Il Centro Fondo Viote offre 35 chilometri di piste per tecnica libera e classica tracciate lungo la soleggiata conca delle Viote a 1.565 metri. Dotato anche di un impianto per l`innevamento programmato, il Centro offre possibilità di parcheggio, scuola di sci fondo, noleggio, spogliatoi con bagni e docce, locale sciolinatura ed è punto di partenza per le escursioni con le racchette da neve o gli sci d`alpinismo. Numerosi tracciati anche per gli appassionati del nordic walking. Per i più piccini un kindergarten con giochi ed un campo riservato alle discese con lo slittino. <br/><br/>email:<a href=”mailto:ufficiorapportiutenti@asis.trento.it”>ufficiorapportiutenti@asis.trento.it</a><br/>
Tel. Cassa Viote: <a href=”tel:0461948032”>0461 948032</a><br/>sito:<a href=”http://www.apt.trento.it/it/Sport_e_Tempo_Libero/Impianti_Sportivi/Centro_Fondo_Viote/Centro_Fondo_Viote.htm”>http://www.apt.trento.it</a><br/><br/><b>Ciaspole</b><br/>L'unico rumore che ci accompagna è quello della neve polverosa sotto i piedi. Durante le escursioni con le ciaspole o racchette da neve, si vive in maniera particolare il fantastico ambiente del Monte Bondone. In solitudine o accompagnati dalle guide alpine, si va alla ricerca delle tracce lasciate dagli animali sulla neve, o di un angolo da dove godere una stupenda vista delle Dolomiti di Brenta.<br/><br/><b>Sci alpinismo</b><br/>E' il modo più intimo per essere a contatto con la natura, per raggiungere gli incantevoli orizzonti dell'alta montagna e poi assaporare, nella discesa, il profumo dell'aria cristallina e della neve fresca sollevata dagli sci. Sul Monte Bondone si trovano itinerari di varia difficoltà, adatti ad escursionisti esperti ma anche a principianti.<br/><br/><br/><hr><span>Foto di: M. Menestrina</span>";"Ski alpin
Ein Skigebiet mit 70 Hektar befahrbarer Fläche,  20 km sehr breiter Pisten und einem flächendeckenden System programmierter Beschneiung ist genau was Sie brauchen, um Ihren Skiurlaub zu genießen. Doch gibt es natürlich noch mehr: Trainingslager für Anfänger; technische Abfahrten für Stilisten und Liebhaber der Serpentine; und schließlich die „Gran Pista“ für alle, die sich keinen Zentimeter Berg entgehen lassen wollen. Dabei genießt man die ganze Zeit ein atemberaubendes Panorama auf die Brenta-Dolomiten.
Ski Area Monte Bondone

Snowboarden
Mit seiner Superpipe und seinen anderen Elementen stellt der Snowpark des Monte Bondone unterschiedliche Herausforderungen an die Fantasie, an das Können und an den Mut der Snowboarder. Nur wenige Kilometer von Trient entfernt, ist der Funpark mit öffentlichen Verkehrsmitteln und dem Skibus leicht zu erreichen.
Snowpark

Langlauf
Egal ob man sich schnell oder langsam auf den Ski fortbewegt: Langlaufen ist ein einzigartiges Vergnügen. Das Centro Fondo Viote bietet 35 km Loipen für den klassischen sowie für den freien Stil, die eine sonnenverwöhnte Mulde auf 1.565 Meter Höhe durchkreuzen. Es verfügt über programmierbare Beschneiungsanlagen, Parkplätze, eine Langlaufschule, Skiverleihgeschäfte, Umkleideräume mit Toiletten und Duschen sowie über einen Skiwachsraum. Das Zentrum ist auch Startpunkt für Schneeschuhwanderungen und Skitouren. Es gibt außerdem zahlreiche beschilderte Wanderungen für Nordic-Walking-Fans sowie einen Kindergarten und einen Kinderschlittenhang.
E-Mail: ufficiorapportiutenti@asis.trento.it
Tel. Cassa Viote: (+39) 0461 948032
Website: www.apt.trento.it/de

Schneeschuhwandern
Nur das Knirschen des Pulverschnees unter den Füßen ist zu hören. Eine Schneeschuhwanderung ermöglicht es, die fantastische Landschaft des Monte Bondone auf eine ganz ungewöhnliche Weise zu erleben. Zum Beispiel können Sie allein oder in Begleitung eines Bergführers nach Tierfußspuren im Schnee oder nach einem malerischen Winkel mit atemberaubendem Blick auf die Brenta-Dolomiten suchen.

Skibergsteigen
Von allen Wintersportarten ist Skibergsteigen wohl diejenige, bei der die Nähe zur Natur am größten ist. Während der Aufstieg mit zauberhaften Hochgebirgslandschaften belohnt, wartet die Abfahrt mit dem würzigen Duft frischer Bergluft und mit Wolken aufwirbelnden Pulverschnees auf. Egal ob Sie Anfänger oder Experte sind, auf Monte Bondone kommen Sie bestimmt auf Ihre Kosten, denn das breite Angebot umfasst Touren unterschiedlicher Schwierigkeitsgrade.
Fotos: M. Menestrina";"Downhill skiing
A ski resort with 70 hectares/173 acres of skiable terrain, 20 kilometres/12.5 miles of very wide pistes, and a programmed snow-making system that covers the whole area is just what you need in order to enjoy your skiing holiday. But, of course, the offer doesn't end there. It also includes: training camps for beginners; technical runs for stylists and fans of serpentine turns; and, last but not least, the 'Gran Pista' for those of you who don't want to miss even an inch of the mountain. All whilst enjoying a breathtaking view of the Brenta Dolomites.
Ski area Monte Bondone

Snowboarding
With its superpipe and other terrain features, Monte Bondone's 'snowpark' presents many challenges to the imagination, skill, and courage of snowboarders. The Bondone terrain park is just a few kilometres away from Trento and can be easily reached by public transport and ski bus.
Snowpark

Cross-country skiing
It doesn't matter whether you are the racing type or prefer to take it easy: cross-country skiing is a unique pleasure. Centro Fondo Viote has 35 km/21.7 miles of pistes for skate skiing and classic skiing that criss-cross the sunny Viote hollow at an altitude of 1,565 m/5,135 ft. The Viote Centre is equipped with programmable snow-making machines. Among the services available at the Centre, let's mention: a car park, a cross-country skiing school, ski hire shops, changing rooms with baths and showers, and a ski waxing room. Viote is also the starting point for snowshoeing and ski-touring excursions. Finally, there are several Nordic walking trails as well as a kindergarten and a sledge slope for children. 
E-mail: ufficiorapportiutenti@asis.trento.it
Tel. Cassa Viote: (+39) 0461 948032
Website: www.apt.trento.it/en

Snowshoeing
The only sound you hear is the crunch of powdery snow underfoot. A snowshoeing excursion is a great experience that gives you the opportunity to enjoy the fantastic location that is Monte Bondone in an unfamiliar way. For instance, you can – either on your own or accompanied by a mountain guide – look for animal footprints in the snow or try to find that hidden spot with a unique view of the Brenta Dolomites.

Ski mountaineering
Of all the existing winter sport activities, ski mountaineering is probably the one where intimacy with nature is at its deepest. First, it takes you to awe-inspiring high-mountain landscapes; then, on the way down, it lets you enjoy the fragrance of crisp air and the swishing of fresh snow being thrown up by your skis. Monte Bondone offers a range of tours that present various levels of difficulty and are therefore suitable for beginners as well as experts.
Photos: M. Menestrina";;;
text.3020;it;text;bondone;Attività Estive;Sommeraktivitäten;Summer activities;;;;;;bondone_trekking_angeli.jpg;;;;20/12/2013 12:00 AM +0100;"<b>Giardino Botanico Alpino delle Viote</b><br/>Le cime del Monte Bondone sono protette da una riserva naturale integrale di 185 ettari. La piana delle Viote ospita un giardino botanico alpino con oltre duemila specie di piante e fiori provenienti dalle principali catene montuose del mondo. Fondato negli anni Trenta per promuovere la conoscenza e la salvaguardia della flora alpina, il Giardino botanico è uno dei più antichi e più grandi delle Alpi. Il Giardino botanico alpino è sezione territoriale del Museo delle Scienze di Trento. Durante il periodo estivo è animato da attività a tema dedicate a tutte le fasce di età. <br/><br/>email: <a href=”mailto:museinfo@muse.it”>museinfo@muse.it</a><br/>
tel: <a href=”tel:0461948050”>0461 948050</a><br/>sito: <a href=”http://www.muse.it”>http://www.muse.it</a><br/><br/><b>Terrazza delle stelle</b><br/>L’osservatorio astronomico “Terrazza delle Stelle”, situato nella conca delle Viote del Monte Bondone, lontana dalle luci dei centri abitati è luogo ideale per l’osservazione del cielo stellato. A pochi chilometri dal capoluogo, l’osservatorio è dotato di potenti telescopi che, con la guida di operatori esperti, diventano strumenti privilegiati per ammirare il firmamento. Alle osservazioni astronomiche si affiancano concerti di musica classica e leggera, animazioni di teatro scientifico, spettacoli, racconti per ragazzi, corsi di approfondimento a tema astronomico.<br/><br/>email: <a href=”mailto:astronomia@mtsn.tn.it”>astronomia@mtsn.tn.it</a><br/>
tel: <a href=”tel:0461270311”>0461 270311</a><br/>sito: <a href=”http://www.muse.it”>http://www.muse.it</a><br/><br/><b>Itinerari di trekking</b><br/>Il Monte Bondone offre opportunità di svago e relax per chi ama camminare a lungo fra boschi e prati alla ricerca di scorci panoramici e di bellezze naturali. Per le escursioni a piedi nei dintorni della città, sul Monte Bondone e sulle altre montagne che circondano Trento (Calisio, Celva, Marzola, Vigolana) sono una cinquantina i sentieri segnalati e ben battuti che consentono a chiunque di arrivare fino in vetta o di vagabondare fra boschi e prati, in un ambiente squisitamente alpino, a contatto con la natura o alla scoperta di testimonianze dell`arte e della storia. Fra questi sentieri ve ne sono alcuni più impegnativi (vie ferrate), attrezzati con cordino e scalette metalliche per escursioni dal sapore più alpinistico. <br/><a href=”http://www.discovertrento.it”>http://www.discovertrento.it</a><br/><br/><b>Palestra di roccia e Parco Avventura</b><br/>La storica palestra di roccia del Monte Bondone, intitolata ai fratelli e alpinisti Giorgio e Rita Graffer, si trova a soli 20 minuti dalla città, a Vason. Si sviluppa con varie vie di diversa difficoltà su una parte rocciosa verticale in un piccolo anfiteatro nel bosco. Da un roccione isolato, un ponte tibetano e due ""teleferiche tirolesi"" permettono di provare l'ebbrezza del vuoto da oltre 20 metri d'altezza. L'ubicazione nel bosco, la quota di 1580 metri e l'esposizione, consentono di scalare al fresco anche in piena estate. <br/><a href=”http://www.dolomitiavventura.it”>www.dolomitiavventura.it</a><br/><br/><b>Volo libero e parapendio</b><br/>Il Monte Bondone e la Valle dei Laghi offrono agli appassionati del volo libero ampie possibilità di praticare questo sport così affascinante, seguiti da istruttori competenti ed esperti che Vi accompagneranno alla scoperta dei panorami mozzafiato dell'intera valle. <br/><a href=”http://www.montegazzaavventura.it>www.montegazzaavventura.it</a><br/><br/><b>Trentino Volley Big Camp</b><br/>Il campo estivo per tutti i ragazzi che vogliono trascorrere le proprie vacanze immersi nella natura, giocando a pallavolo. L'iniziativa, riservata a ragazzi che hanno un'età compresa tra gli 11 e i 16 anni, propone di abbracciare tutte le esperienze pallavolistiche che si possono svolgere nel periodo estivo: Beach, Indoor e Green Volley. Questi tre tipi di pallavolo rappresentano tre modi diversi di coniugare il divertimento del gioco del volley con la natura e i paesaggi del Monte Bondone.<br/><a href=”http://www.trentinovolley.it/tutto-sul-big-camp-2010.html”>www.trentinovolley.it</a><br/><br/><b>Bici e mountain bike</b><br/>Quella del monte Bondone è “la” salita del ciclismo e se il Bondone deve la sua notorietà internazionale all'impresa del grande scalatore Charly Gaul è pur vero che furono quei tornanti a far entrare nella leggenda il grande campione lussemburghese. Ancora oggi il fascino di vivere le stesse fatiche degli assi del pedale è immutato e il Monte Bondone vi invita a mettervi alla prova.<br/><a href=”http://www.mountaingardabike.com/percorsi/trento-monte-bondone-2”>www.mountaingardabike.com</a><br/><br/><hr><span>Foto di: N. Angeli</span>";"Giardino Botanico Alpino delle Viote
(Alpiner Botanischer Garten – Viote di Monte Bondone)
Ein 185 Hektar großes Gebiet um den Gipfel von Monte Bondone ist zum strikten Naturschutzgebiet erklärt worden. Auf der Viote-Mulde gibt es einen botanischen Garten mit über zwei Tausend Pflanzen- und Blumenarten aus den größten Gebirgsketten der Welt. Der Garten, der in den Dreißiger Jahren des 20. Jh.s gegründet wurde, um das Wissen über Alpinflora und deren Schutz zu fördern, ist einer der ältesten und größten botanischen Gärten in den Alpen. Er ist eine Außenstelle des Tridentinischen Naturkundemuseums von Trient. Im Sommer werden thematische Aktivitäten für alle Altersgruppen organisiert.
E-Mail: receptionmtsn@mtsn.tn.it
Tel.: (+39) 0461948050
Website: 

Terrazza delle stelle
(Sternenterrasse)
Obwohl nur wenige Kilometer von der Landeshauptstadt entfernt, ist die Lage des astronomischen Observatoriums „Terrazza delle Stelle“ in der Viote-Mulde am Monte Bondone weit genug von der Lichtverschmutzung der Wohngebiete, um sich als ideal fürs Sternegucken zu erweisen. Das Observatorium verfügt über leistungsstarke Teleskope, die in sachkundigen Händen beneidenswerte Beobachtungen ermöglichen. Auf der Terrasse finden nicht nur astronomische Observationen statt, sondern auch klassische Konzerte, Popkonzerte, Wissenschaftstheater-Abende, Shows, Geschichtenerzählen für Kinder sowie Kurse, die sich mit dem Themenbereich Astronomie befassen und an Himmelsgucker wenden, die ihre Astronomiekenntnisse vertiefen möchten.
E-Mail: 
Tel.: (+39) 0461 270311
Website: 


Trekking-Routen
Monte Bondone bietet viele Möglichkeiten zur Zerstreuung und Entspannung für alle, die gerne auf lange Spaziergänge durch Wälder und Wiesen gehen, um Panoramapunkte und Naturschönheiten zu entdecken. Für Wanderungen in der Umgebung von Trient, an dem Monte Bondone und den anderen umliegenden Bergen (Calisio, Celva, Marzola, Vigolana) stehen etwa fünfzig markierte und gut begehbare Wege zur Verfügung, die es allen erlauben, den Gipfel zu erreichen oder einfach, in einer überaus alpinen Umwelt, zwischen Wäldern und Wiesen umherzustreifen – sei es nur um die Nähe zur Natur zu genießen oder um sich auf die Suche nach Zeugnissen der Kunst und Geschichte zu begeben. Unter diesen Wegen gibt es einige anspruchsvollere (sog. „vie ferrate“, d. h. Klettersteige), die mit Seilen und Eisenleitern ausgestattet sind und daher ein bergsteigerisches Erlebnis vermitteln.


Klettergarten und Abenteuerpark
Einen Klettergarten finden Sie in Vason, am Monte Bondone, nur 20 Fahrminuten von Trient entfernt. Er wurde vor vielen Jahren angelegt und ist nach Giorgio und Rita Graffer benannt (zwei Bergsteigern, die auch Geschwister waren). Die natürliche Kletterwand befindet sich in einer kleinen, amphitheater-ähnlichen Lichtung im Wald. An einem abseits stehenden Felsblock ist eine tibetanische Brücke sowie zwei Seilrutschen/Guerillarutschen zu finden. Die Durchquerung dieser Anlagen in über 20 m Höhe bietet die Gelegenheit, den ultimativen Thrill zu erleben. Die Waldlage, Höhe (1580 m über dem Meeresspiegel) und Orientierung der Felswand sorgen auch im Hochsommer für kühle Temperaturen, die für das Klettern ja ideal sind.


Gleitschirmfliegen und Hängegleiten
Der Monte Bondone und das Valle dei Laghi haben viel zu bieten für alle, die gerne das faszinierende Gefühl des unmotorisierten Fliegens erleben. Es stehen kompetente und erfahrene Lehrer zur Verfügung, die ihre Schüler mit atemberaubenden Vogelperspektiven über die ganze Landschaft zu faszinieren wissen.



Trentino Volley Big Camp
Dieses Sommercamp ist für Kinder, die ihren Urlaub gerne damit verbringen möchten, Volleyball in einer Naturlandschaft zu spielen. Die Teilnehmer, die zwischen 11 und 16 Jahre alt sein müssen, werden drei im Sommer spielbare Varianten ausprobieren können: Beach-, Indoor- und Rasenvolleyball (oder „Green Volley“, daher das „g“ in „Big Camp“). Bei jeder dieser drei Varianten wird auf verschiedene Weise die Freude am Volleyballspielen mit dem Erlebnis der Natur und Landschaften des Monte Bondone verbunden.
www.trentinovolley.it

Radfahren und mountainbiken
Unter Radfahrfans hat der Anstieg auf Monte Bondone wegen Charly Gauls Heldentat Kultstatus erlangt. Man kann es aber auch andersrum formulieren: Der Luxemburger Bergspezialist verdankt seinen Weltruhm den Kehren der Monte-Bondone-Straße. Heute träumen Radfahrfans immer noch davon, die Strapazen ihrer Radidolen nachempfinden zu können. Die Monte-Bondone-Straße bietet ihnen immer noch Gelegenheit dazu.
 
Fotos: N. Angeli";"Giardino Botanico Alpino delle Viote
(Alpine Botanic Garden – Viote di Monte Bondone)
An area of 185 hectares/458 acres around the summit of Monte Bondone has been declared a strict nature reserve. The Viote hollow is home to an Alpine botanic garden where over two thousand species of plants and flowers from the world's main mountain ranges are grown. The garden, which was established in the 1930s with the aim of spreading knowledge about Alpine flora and promoting its protection, is one of the oldest and largest botanic gardens in the Alps. It is a branch of the Tridentine Museum of Natural Sciences in Trento. During the summer, various theme-led activities are organized for participants of all ages.
E-mail: receptionmtsn@mtsn.tn.it
Tel.: (+39) 0461948050
Website: 

Terrazza delle stelle
(Stars terrace)
The location of the astronomical observatory 'Terrazza delle Stelle' in the Viote hollow on Monte Bondone, although just a few kilometres from the regional capital, is quite far from the light pollution of residential areas and therefore ideal for stargazing. The observatory is equipped with powerful telescopes that, in the hands of expert operators, become enviable tools for watching the night sky. The terrace is not only used for astronomical observations, but also as a venue for classical and pop music concerts, science theatre performances, shows, storytelling for children, and astronomy-related courses for stargazing enthusiasts who would like to acquire a deeper knowledge of the subject.
E-mail: 
Tel.: (+39) 0461 270311
Website: 

Hiking
Monte Bondone offers many opportunities for recreation and relaxation to those who enjoy going on long walks across woods and pastures in search of panoramic spots and beauties of nature. As far as walks and hikes in the outskirts of Trento, on Monte Bondone and other mountains around the town (Calisio, Celva, Marzola, Vigolana) are concerned, there are about fifty sign-posted and well maintained paths and trails which make it easy for all and sundry to reach the mountain peaks or to just wander through woods and meadows in a magnificent Alpine setting – whether simply in order to enjoy the countryside or with the aim of visiting sites that make you discover more about the area's art and history. Among these paths and trails there are a few which are more difficult, i.e. the so-called 'vie ferrate' that are equipped with ropes and metal ladders and, therefore, have a more mountaineering feel to them.


Practice crag and adventure park
A practice crag fitted with resident protection can be found at Vason, on Monte Bondone, just 20 minutes from Trento by car. It has long been in use and is named after mountaineering siblings  Giorgio and Rita Graffer. The rockface, which is in a small amphitheatre-like space in a wood, features routes of different difficulty levels. From an isolated boulder, you can experience the thrill of height by crossing a Nepalese bridge and proceeding down two zip lines (aka 'Tyrolean runways') that are over 20 m/65 ft above the ground. Even at the height of summer, the woodland location, altitude (1,580 m/5,184 ft above sea level), and solar orientation of the rockface combine to ensure cool temperatures that are ideal for climbing.


Paragliding and hang gliding
Monte Bondone and Valle dei Laghi offer many possibilities to those who enjoy the thrill of flying without an engine. Whether you opt for paragliding or hang gliding, you'll find competent and experienced instructors who will help you discover the area's breathtaking bird's-eye views. 



Trentino Volley Big Camp
This is a summer camp dedicated to children who want to spend their holiday playing volleyball in a natural setting. The participants, who must be between 11 and 16 years old in order to qualify, will have the opportunity to have a go at three various forms of volleyball that can be played in the summer, i.e. beach volleyball (B), indoor volleyball (I), and lawn volleyball (or 'Green Volley', hence the 'g' in 'Big Camp'). Each of these three variations represents a different way of combining the fun of volleyball with the enjoyment of Monte Bondone's natural landscape.
www.trentinovolley.it

Cycling and mountain biking
If the climb to Monte Bondone has become legendary among cycling fans it is of course because of Charly Gaul's exploit. But the reverse is also true: the Luxembourg climbing specialist owes his legendary status to the existence of the bends in the Bondone road. Today, cycling fans continue to be fascinated at the thought of suffering the same hardships as countless cycling champions, and the yearly Monte Bondone race is a tempting challenge for them. 
Photos: N. Angeli";;;
text.3021;it;text;bondone;Il Malgone di Candriai;Il Malgone di Candriai;Il Malgone di Candriai;;;;;;bondone_malgone_apt.jpg;;;;20/12/2013 12:00 AM +0100;"<p>Situato al limite meridionale dell'abitato di Candriai, il Malgone, in passato adibito a stalla, è un edificio che risale ai primi del 1900, di proprietà dell'Amministrazione comunale come il terreno circostante, caratterizzato dalla presenza di prato e di bosco ceduo. I lavori di ristrutturazione, interamente finanziati nell'ambito del patto territoriale del Monte Bondone hanno consentito di ricavare alcuni spazi dedicati a centro turistico didattico ed espositivo. E' sede di numerose iniziative culturali, ricreative e di animazione per la promozione della montagna di Trento.
Email: <a href=”mailto:informazioni@discovertrento.it”>informazioni@discovertrento.it</a><br/>
tel: <a href=”tel:0461216000”>0461 216000</a><br/>
<a href=”http://www.discovertrento.it”>www.discovertrento.it</a></p>";"Dieser ehemalige Kuhstall, der sich am südlichen Rande des Weilers Candriai befindet, stammt aus dem frühen 20. Jh. Das Gebäude sowie das umliegende, aus Wiese und Ausschlagwald bestehende Grundstück sind Eigentum der Gemeinde. Der gesamte Umbau wurde im Rahmen des Monte-Bondone-Gebietsabkommens finanziert. Das Gebäude verfügt jetzt über einige Räume, in denen ein Lehr- und Ausstellungszentrum untergebracht ist. Dieses Zentrum organisiert zahlreiche kulturelle Veranstaltungen, Freizeitaktivitäten und Animationen zur Förderung des Tourismus in der Bergumgebung von Trient.
E-Mail: informazioni@apt.trento.it
Tel.: (+39) 0461 216000 

Fotos: Archiv Apt Trento, Monte Bondone e Valle dei Laghi";"This former barn, which is located at the southern tip of the hamlet of Candriai, dates from the early 20th century. Together with the surrounding land made up of pasture and coppiced wood, it is owned by the municipality. All the funds necessary for the barn conversion were provided within the framework of the Local Area Agreement for Monte Bondone. Inside the renovated building, a few rooms are now occupied by an educational tourist and exhibition centre that organizes several cultural events, recreational activities, and entertainments aimed at promoting tourism in the mountainous periphery of Trento.
E-mail: informazioni@apt.trento.it
Tel.: (+39) 0461 216000 

Photos: archivio Apt Trento, Monte Bondone e Valle dei Laghi";;;
Text.3022;it;text;Contatti;Emergenze;Notfall;"Emergencies
";;;;;;;;;;20/12/2013 12:00 AM +0100;"<p>- Pronto soccorso Tel <a href=""tel:118"">118</a> <br />- Guardia medica Tel <a href=""tel:0461904298"">0461 904298</a><br/>&nbsp;&nbsp;Orari:<br/>&nbsp;&nbsp;da lunedì a venerdì dalle 20.00 alle  8.00 <br/>&nbsp;&nbsp;dalle 8.00 del sabato alle 8.00 del lunedì<br/>&nbsp;&nbsp;prefestivi: dalle 10.00 del prefestivo alle 8.00 del giorno festivo</br/>&nbsp;&nbsp;festivi: dalle 8.00 alle 8.00 del giorno feriale successivo.<br /><br/>- Ospedale Santa Chiara <br />&nbsp Largo Medaglie D'Oro 9, 38123 Trento <br />&nbsp Tel <a href=""tel:0461903111"">0461 903111</a> <br />- Polizia Tel <a href=""tel:113"">113</a><br />- Carabinieri Tel <a href=""tel:112"">112</a> <br />- Polizia Municipale Tel <a href=""tel:0461889111"">0461 889111</a> <br />- Vigili del fuoco Tel <a href=""tel:115"">115</a> <br />- Corpo forestale Tel <a href=""tel:1515"">1515</a> <br />- Corpo forestale – sede di Trento &nbsp<a href=""0461496744"">0461 496144</a><br /></p>";"<p>- Erste Hilfe - Tel <a href=""tel:118"">118</a> <br />- Ärztlicher Bereitschaftsdienst  Tel <a href=""tel:0461915809"">0461 915809</a> <br />- Krankenhaus Santa Chiara <br />&nbsp Largo Medaglie D'Oro 9, 38123 Trient <br />&nbsp Tel <a href=""tel:0461903111"">0461 903111</a> <br />- Polizei Tel <a href=""tel:113"">113</a><br />- Carabinieri Tel <a href=""tel:112"">112</a> <br />- Stadtpolizei Tel <a href=""tel:0461889111"">0461 889111</a> <br />- Feuerwehr Tel <a href=""tel:115"">115</a> <br />- Staatliche Forstwache  Tel <a href=""tel:1515"">1515</a> <br />&nbsp Sitz in Trient &nbsp<a href=""0461496744"">0461 496144</a><br /></p>";"<p>- First aid Tel <a href=""tel:118"">118</a> <br />- Emergency doctor service Tel <a href=""tel:0461915809"">0461 915809</a> <br />- Ospedale Santa Chiara <br />&nbsp Largo Medaglie D'Oro 9, 38123 Trento <br />&nbsp Tel <a href=""tel:0461903111"">0461 903111</a> <br />- Police Tel <a href=""tel:113"">113</a><br />- Carabinieri Tel <a href=""tel:112"">112</a> <br />- Municipal Police Tel <a href=""tel:0461889111"">0461 889111</a> <br />- Fire brigade Tel <a href=""tel:115"">115</a> <br />- Forest rangers Tel <a href=""tel:1515"">1515</a> <br />&nbsp Sede di Trento &nbsp<a href=""0461496744"">0461 496144</a><br /></p>";;;
